kota,kecamatan,kelurahan,sungai
JAKARTA BARAT,CENGKARENG,CENGKARENG TIMUR,ANGKE
JAKARTA BARAT,CENGKARENG,CENGKARENG BARAT,ANGKE
JAKARTA BARAT,CENGKARENG,DURI KOSAMBI,ANGKE
JAKARTA BARAT,CENGKARENG,KAPUK,ANGKE
JAKARTA BARAT,CENGKARENG,KEDAUNG KALI ANGKE,ANGKE
JAKARTA BARAT,KEMBANGAN,KEMBANGAN UTARA,ANGKE
JAKARTA BARAT,CENGKARENG,RAWA BUAYA,ANGKE
JAKARTA BARAT,KALIDERES,SEMANAN,ANGKE
JAKARTA TIMUR,KRAMAT JATI,BALE KAMBANG,CILIWUNG
JAKARTA TIMUR,JATINEGARA,BALI MESTER,CILIWUNG
JAKARTA TIMUR,PASAR REBO,BARU,CILIWUNG
JAKARTA TIMUR,JATINEGARA,BIDARA CINA,CILIWUNG
JAKARTA SELATAN,TEBET,BUKIT DURI,CILIWUNG
JAKARTA TIMUR,KRAMAT JATI,CAWANG,CILIWUNG
JAKARTA SELATAN,PANCORAN,CIKOKO,CILIWUNG
JAKARTA TIMUR,KRAMAT JATI,CILILITAN,CILIWUNG
JAKARTA SELATAN,PANCORAN,DUREN TIGA,CILIWUNG
JAKARTA TIMUR,PASAR REBO,GEDONG,CILIWUNG
JAKARTA SELATAN,JAGAKARSA,JAGAKARSA,CILIWUNG
JAKARTA SELATAN,PASAR MINGGU,JATI PADANG,CILIWUNG
JAKARTA SELATAN,PANCORAN,KALIBATA,CILIWUNG
JAKARTA TIMUR,PASAR REBO,KALISARI,CILIWUNG
JAKARTA TIMUR,JATINEGARA,KAMPUNG MELAYU,CILIWUNG
JAKARTA TIMUR,KRAMAT JATI,KAMPUNG TENGAH,CILIWUNG
JAKARTA SELATAN,PASAR MINGGU,KEBAGUSAN,CILIWUNG
JAKARTA SELATAN,TEBET,KEBON BARU,CILIWUNG
JAKARTA TIMUR,MATRAMAN,KEBON MANGGIS,CILIWUNG
JAKARTA SELATAN,JAGAKARSA,LENTENG AGUNG,CILIWUNG
JAKARTA SELATAN,TEBET,MANGGARAI,CILIWUNG
JAKARTA TIMUR,MATRAMAN,PAL MERIEM,CILIWUNG
JAKARTA SELATAN,PANCORAN,PANCORAN,CILIWUNG
JAKARTA SELATAN,PASAR MINGGU,PEJATEN TIMUR,CILIWUNG
JAKARTA SELATAN,PANCORAN,PENGADEGAN,CILIWUNG
JAKARTA SELATAN,PANCORAN,RAWAJATI,CILIWUNG
JAKARTA SELATAN,JAGAKARSA,SRENGSENG SAWAH,CILIWUNG
JAKARTA SELATAN,JAGAKARSA,TANJUNG BARAT,CILIWUNG
JAKARTA UTARA,PADEMANGAN,ANCOL,CILIWUNG ARAH ISTANA NEGARA
JAKARTA PUSAT,KEMAYORAN,GUNUNG SAHARI SELATAN,CILIWUNG ARAH ISTANA NEGARA
JAKARTA PUSAT,SAWAH BESAR,GUNUNG SAHARI UTARA,CILIWUNG ARAH ISTANA NEGARA
JAKARTA PUSAT,SAWAH BESAR,KARANG ANYAR,CILIWUNG ARAH ISTANA NEGARA
JAKARTA PUSAT,SAWAH BESAR,KARTINI,CILIWUNG ARAH ISTANA NEGARA
JAKARTA PUSAT,SAWAH BESAR,MANGGA DUA SELATAN,CILIWUNG ARAH ISTANA NEGARA
JAKARTA BARAT,TAMAN SARI,MAPHAR,CILIWUNG ARAH ISTANA NEGARA
JAKARTA UTARA,PADEMANGAN,PADEMANGAN BARAT,CILIWUNG ARAH ISTANA NEGARA
JAKARTA PUSAT,SAWAH BESAR,PASAR BARU,CILIWUNG ARAH ISTANA NEGARA
JAKARTA PUSAT,MENTENG,GONDANGDIA,CILIWUNG ARAH KANAL BANJIR BARAT
JAKARTA BARAT,GROGOL PETAMBURAN,GROGOL,CILIWUNG ARAH KANAL BANJIR BARAT
JAKARTA BARAT,PALMERAH,JATI PULO,CILIWUNG ARAH KANAL BANJIR BARAT
JAKARTA BARAT,TAMBORA,KALIANYAR,CILIWUNG ARAH KANAL BANJIR BARAT
JAKARTA PUSAT,TANAH ABANG,KARET TENGSIN,CILIWUNG ARAH KANAL BANJIR BARAT
JAKARTA BARAT,PALMERAH,KOTA BAMBU SELATAN,CILIWUNG ARAH KANAL BANJIR BARAT
JAKARTA BARAT,PALMERAH,KOTA BAMBU UTARA,CILIWUNG ARAH KANAL BANJIR BARAT
JAKARTA PUSAT,MENTENG,MENTENG,CILIWUNG ARAH KANAL BANJIR BARAT
JAKARTA PUSAT,TANAH ABANG,PETAMBURAN,CILIWUNG ARAH KANAL BANJIR BARAT
JAKARTA BARAT,GROGOL PETAMBURAN,TOMANG,CILIWUNG ARAH KANAL BANJIR BARAT
JAKARTA TIMUR,CIRACAS,CIBUBUR,CIPINANG
JAKARTA TIMUR,JATINEGARA,CIPINANG CEMPEDAK,CIPINANG
JAKARTA TIMUR,JATINEGARA,CIPINANG BESAR SELATAN,CIPINANG
JAKARTA TIMUR,JATINEGARA,CIPINANG BESAR UTARA,CIPINANG
JAKARTA TIMUR,KRAMAT JATI,DUKUH,CIPINANG
JAKARTA TIMUR,MAKASAR,HALIM PERDANA KUSUMAH,CIPINANG
JAKARTA TIMUR,MAKASAR,KEBON PALA,CIPINANG
JAKARTA TIMUR,KRAMAT JATI,KRAMAT JATI,CIPINANG
JAKARTA TIMUR,MAKASAR,MAKASAR,CIPINANG
JAKARTA TIMUR,PASAR REBO,PEKAYON,CIPINANG
JAKARTA TIMUR,MAKASAR,PINANG RANTI,CIPINANG
JAKARTA TIMUR,CIRACAS,RAMBUTAN,CIPINANG
JAKARTA SELATAN,MAMPANG PRAPATAN,BANGKA,KRUKUT
JAKARTA SELATAN,KEBAYORAN BARU,CIPETE UTARA,KRUKUT
JAKARTA SELATAN,CILANDAK,CILANDAK BARAT,KRUKUT
JAKARTA SELATAN,PASAR MINGGU,CILANDAK TIMUR,KRUKUT
JAKARTA SELATAN,SETIA BUDI,KARET SEMANGGI,KRUKUT
JAKARTA SELATAN,MAMPANG PRAPATAN,KUNINGAN BARAT,KRUKUT
JAKARTA SELATAN,MAMPANG PRAPATAN,MAMPANG PRAPATAN,KRUKUT
JAKARTA SELATAN,MAMPANG PRAPATAN,PELA MAMPANG,KRUKUT
JAKARTA SELATAN,KEBAYORAN BARU,PETOGOGAN,KRUKUT
JAKARTA SELATAN,CILANDAK,PONDOK LABU,KRUKUT
JAKARTA SELATAN,KEBAYORAN BARU,RAWA BARAT,KRUKUT
JAKARTA SELATAN,MAMPANG PRAPATAN,TEGAL PARANG,KRUKUT
JAKARTA BARAT,GROGOL PETAMBURAN,JELAMBAR,PESANGGRAHAN
JAKARTA SELATAN,PESANGGRAHAN,BINTARO,PESANGGRAHAN
JAKARTA BARAT,GROGOL PETAMBURAN,JELAMBAR BARU,PESANGGRAHAN
JAKARTA SELATAN,KEBAYORAN LAMA,CIPULIR,PESANGGRAHAN
JAKARTA BARAT,KEBON JERUK,KEBON JERUK,PESANGGRAHAN
JAKARTA BARAT,KEBON JERUK,DURI KEPA,PESANGGRAHAN
JAKARTA UTARA,PENJARINGAN,KAPUK MUARA,PESANGGRAHAN
JAKARTA SELATAN,KEBAYORAN LAMA,KEBAYORAN LAMA UTARA,PESANGGRAHAN
JAKARTA BARAT,KEBON JERUK,KEDOYA SELATAN,PESANGGRAHAN
JAKARTA BARAT,KEBON JERUK,KELAPA DUA,PESANGGRAHAN
JAKARTA UTARA,PENJARINGAN,PEJAGALAN,PESANGGRAHAN
JAKARTA BARAT,KEBON JERUK,SUKABUMI SELATAN,PESANGGRAHAN
JAKARTA SELATAN,PESANGGRAHAN,PESANGGRAHAN,PESANGGRAHAN
JAKARTA SELATAN,PESANGGRAHAN,PETUKANGAN SELATAN,PESANGGRAHAN
JAKARTA SELATAN,PESANGGRAHAN,PETUKANGAN UTARA,PESANGGRAHAN
JAKARTA SELATAN,KEBAYORAN LAMA,PONDOK PINANG,PESANGGRAHAN
JAKARTA BARAT,KEBON JERUK,SUKABUMI UTARA,PESANGGRAHAN
JAKARTA BARAT,GROGOL PETAMBURAN,TANJUNG DUREN UTARA,PESANGGRAHAN
JAKARTA SELATAN,PESANGGRAHAN,ULUJAMI,PESANGGRAHAN
JAKARTA BARAT,GROGOL PETAMBURAN,WIJAYA KESUMA,PESANGGRAHAN
JAKARTA BARAT,KEBON JERUK,KEDOYA UTARA,PESANGGRAHAN
JAKARTA BARAT,KEMBANGAN,KEMBANGAN SELATAN,PESANGGRAHAN & ANGKE
JAKARTA TIMUR,CIPAYUNG,BAMBU APUS,SUNTER
JAKARTA TIMUR,CIPAYUNG,CILANGKAP,SUNTER
JAKARTA TIMUR,PULO GADUNG,CIPINANG,SUNTER
JAKARTA TIMUR,MAKASAR,CIPINANG MELAYU,SUNTER
JAKARTA TIMUR,JATINEGARA,CIPINANG MUARA,SUNTER
JAKARTA TIMUR,DUREN SAWIT,DUREN SAWIT,SUNTER
JAKARTA TIMUR,PULO GADUNG,JATINEGARA KAUM,SUNTER
JAKARTA TIMUR,PULO GADUNG,KAYU PUTIH,SUNTER
JAKARTA UTARA,TANJUNG PRIOK,KEBON BAWANG,SUNTER
JAKARTA UTARA,KELAPA GADING,KELAPA GADING BARAT,SUNTER
JAKARTA UTARA,KELAPA GADING,KELAPA GADING TIMUR,SUNTER
JAKARTA UTARA,KOJA,KOJA,SUNTER
JAKARTA TIMUR,CIPAYUNG,LUBANG BUAYA,SUNTER
JAKARTA TIMUR,PULO GADUNG,PULO GADUNG,SUNTER
JAKARTA TIMUR,DUREN SAWIT,PONDOK BAMBU,SUNTER
JAKARTA TIMUR,DUREN SAWIT,PONDOK KELAPA,SUNTER
JAKARTA TIMUR,CIPAYUNG,PONDOK RANGGON,SUNTER
JAKARTA UTARA,KOJA,RAWABADAK SELATAN,SUNTER
JAKARTA UTARA,KOJA,RAWABADAK UTARA,SUNTER
JAKARTA TIMUR,CIPAYUNG,SETU,SUNTER
JAKARTA PUSAT,KEMAYORAN,SUMUR BATU,SUNTER
JAKARTA UTARA,TANJUNG PRIOK,SUNGAI BAMBU,SUNTER
JAKARTA UTARA,TANJUNG PRIOK,SUNTER JAYA,SUNTER
